table_name,module,description_en,description_fr,key_columns,relations,sensitive,notes
C_ORDER,Sales,Sales order header storing customer orders dates statuses document types warehouses and order totals.,En-tete des commandes de vente avec client dates statuts types documents entrepot et totaux.,C_ORDER_ID:bigint:Primary sales order identifier|DOCUMENTNO:varchar:Human-readable sales order number|DOCSTATUS:char(2):Compiere lifecycle status such as CO completed CL closed DR draft|ISSOTRX:char(1):Y for sales transactions N for purchases|C_BPARTNER_ID:bigint:Customer business partner|DATEORDERED:timestamp:Sales order date|C_DOCTYPE_ID:bigint:Actual document type|C_DOCTYPETARGET_ID:bigint:Target sales document type|M_WAREHOUSE_ID:bigint:Warehouse used by the order|TOTALLINES:numeric:Order net amount before tax|GRANDTOTAL:numeric:Order total amount including tax,C_BPARTNER_ID -> C_BPARTNER (C_BPARTNER_ID)|C_ORDER_ID -> C_ORDERLINE (C_ORDER_ID)|C_ORDER_ID -> C_INVOICE (C_ORDER_ID)|C_ORDER_ID -> M_INOUT (C_ORDER_ID)|C_DOCTYPE_ID -> C_DOCTYPE (C_DOCTYPE_ID)|C_DOCTYPETARGET_ID -> C_DOCTYPE (C_DOCTYPE_ID)|M_WAREHOUSE_ID -> M_WAREHOUSE (M_WAREHOUSE_ID)|AD_ORG_ID -> AD_ORG (AD_ORG_ID),false,Use for vente order counts totals statuses document numbers and order dates. Also use with customers who bought products and customer purchase questions through C_BPARTNER and C_ORDERLINE. The imported dataset is already vente scoped with ISSOTRX Y and completed or closed sales documents. Current Docker PostgreSQL import covers the 2025-01-01 to 2026-07-01 export window: whole 2025 plus 2026 so far.
C_ORDERLINE,Sales,Sales order line detail storing products ordered quantities delivered quantities invoiced quantities prices and line net amounts.,Lignes des commandes de vente avec produits quantites commandees livrees facturees prix et montants ligne.,C_ORDERLINE_ID:bigint:Primary sales order line identifier|C_ORDER_ID:bigint:Parent sales order|LINE:bigint:Line sequence|C_BPARTNER_ID:bigint:Customer copied to the line|M_PRODUCT_ID:bigint:Ordered product|M_WAREHOUSE_ID:bigint:Warehouse for fulfillment|QTYORDERED:numeric:Ordered quantity|QTYDELIVERED:numeric:Delivered quantity|QTYINVOICED:numeric:Invoiced quantity|PRICEACTUAL:numeric:Actual unit price|PRICELIST:numeric:List price|LINENETAMT:numeric:Net sales amount for the line|C_TAX_ID:bigint:Tax used on the line,C_ORDER_ID -> C_ORDER (C_ORDER_ID)|M_PRODUCT_ID -> M_PRODUCT (M_PRODUCT_ID)|C_ORDERLINE_ID -> C_INVOICELINE (C_ORDERLINE_ID)|C_ORDERLINE_ID -> M_INOUTLINE (C_ORDERLINE_ID)|C_TAX_ID -> C_TAX (C_TAX_ID)|M_WAREHOUSE_ID -> M_WAREHOUSE (M_WAREHOUSE_ID),false,Use for product sales quantities top ordered products line revenue delivered vs ordered and invoiced vs ordered analysis. Current Docker PostgreSQL import covers the 2025-01-01 to 2026-07-01 export window: whole 2025 plus 2026 so far.
C_INVOICE,Finance,Sales invoice header storing customer invoices credit memos invoice dates statuses payment flags and invoice totals.,En-tete des factures client et avoirs avec dates statuts indicateur paye et totaux.,C_INVOICE_ID:bigint:Primary sales invoice identifier|DOCUMENTNO:varchar:Human-readable invoice number|DOCSTATUS:char(2):Invoice lifecycle status|ISSOTRX:char(1):Y for customer invoice|C_DOCTYPE_ID:bigint:Invoice document type such as invoice or credit memo|C_ORDER_ID:bigint:Related sales order when available|C_BPARTNER_ID:bigint:Customer business partner|DATEINVOICED:timestamp:Invoice date|ISPAID:char(1):Whether invoice is marked paid|TOTALLINES:numeric:Invoice net amount before tax|GRANDTOTAL:numeric:Invoice total amount including tax,C_INVOICE_ID -> C_INVOICELINE (C_INVOICE_ID)|C_INVOICE_ID -> C_ALLOCATIONLINE (C_INVOICE_ID)|C_ORDER_ID -> C_ORDER (C_ORDER_ID)|C_BPARTNER_ID -> C_BPARTNER (C_BPARTNER_ID)|C_DOCTYPE_ID -> C_DOCTYPE (C_DOCTYPE_ID)|AD_ORG_ID -> AD_ORG (AD_ORG_ID),false,Use for invoice counts revenue by invoice date paid/unpaid flags customer invoicing and credit memo analysis. For actual payment records join through C_ALLOCATIONLINE then C_PAYMENT. Current Docker PostgreSQL import covers the 2025-01-01 to 2026-07-01 export window: whole 2025 plus 2026 so far.
C_INVOICELINE,Finance,Sales invoice line detail storing invoiced products quantities prices taxes and net invoice line amounts.,Lignes des factures client avec produits quantites facturees prix taxes et montants nets.,C_INVOICELINE_ID:bigint:Primary invoice line identifier|C_INVOICE_ID:bigint:Parent invoice header|C_ORDERLINE_ID:bigint:Related sales order line|M_INOUTLINE_ID:bigint:Related delivery line column imported as m_inoutline_id|LINE:bigint:Line sequence|M_PRODUCT_ID:bigint:Invoiced product|QTYINVOICED:numeric:Invoiced quantity|PRICELIST:numeric:List price|PRICEACTUAL:numeric:Actual invoice unit price|LINENETAMT:numeric:Net invoice line amount|C_TAX_ID:bigint:Tax used on invoice line,C_INVOICE_ID -> C_INVOICE (C_INVOICE_ID)|C_ORDERLINE_ID -> C_ORDERLINE (C_ORDERLINE_ID)|M_INOUTLINE_ID -> M_INOUTLINE (M_INOUTLINE_ID)|M_PRODUCT_ID -> M_PRODUCT (M_PRODUCT_ID)|M_PRODUCT_ID -> V_PRODUCT_PRIMARY_SUPPLIER (M_PRODUCT_ID)|C_TAX_ID -> C_TAX (C_TAX_ID),false,Use for confirmed invoiced sales revenue and CA facture. Join C_INVOICELINE.C_INVOICE_ID to C_INVOICE.C_INVOICE_ID for invoice date customer and paid status filters. For CA facture par fournisseur join C_INVOICELINE.M_PRODUCT_ID directly to V_PRODUCT_PRIMARY_SUPPLIER.M_PRODUCT_ID. Do not join M_INOUTLINE unless the question is explicitly about delivery; M_INOUTLINE does not contain C_INVOICELINE_ID. Current Docker PostgreSQL import covers the 2025-01-01 to 2026-07-01 export window: whole 2025 plus 2026 so far.
C_BPARTNER,Reference,Business partner master data containing customers suppliers partner codes names groups and commercial flags.,Referentiel des tiers avec clients fournisseurs codes noms groupes et indicateurs commerciaux.,C_BPARTNER_ID:bigint:Primary business partner identifier|VALUE:varchar:Business partner code|NAME:varchar:Business partner display name|NAME2:varchar:Additional partner name|C_BP_GROUP_ID:bigint:Business partner group|ISCUSTOMER:char(1):Whether partner is a customer|ISVENDOR:char(1):Whether partner is a supplier|SO_CREDITLIMIT:numeric:Sales credit limit|SALESREP_ID:bigint:Sales representative,C_BPARTNER_ID -> C_ORDER (C_BPARTNER_ID)|C_BPARTNER_ID -> C_INVOICE (C_BPARTNER_ID)|C_BPARTNER_ID -> C_PAYMENT (C_BPARTNER_ID)|C_BPARTNER_ID -> C_ALLOCATIONLINE (C_BPARTNER_ID)|C_BPARTNER_ID -> M_INOUT (C_BPARTNER_ID),false,Use with orders invoices payments and shipments to show real customer names instead of IDs. Also use for customer bought products customer purchases partner purchases and top customers. In this phase the extracted partners are those linked to vente. Current Docker PostgreSQL import covers the 2025-01-01 to 2026-07-01 export window: whole 2025 plus 2026 so far.
M_PRODUCT,Inventory,Product master data for sold and stock-managed products with product codes names categories type theme collection ISBN and sale or purchase flags.,Referentiel produits avec codes noms categories type theme collection ISBN et indicateurs vente achat stock.,M_PRODUCT_ID:bigint:Primary product identifier|VALUE:varchar:Product code or article reference|NAME:varchar:Product display name|DESCRIPTION:varchar:Product description|TITRE:varchar:Book or article title|CODE_ISBN:varchar:ISBN code|CODE_ARTICLE:varchar:Article code|C_UOM_ID:bigint:Unit of measure|M_PRODUCT_CATEGORY_ID:bigint:Product category|M_PRODUCT_TYPE_ID:bigint:Product type for type d'article|M_PRODUCT_THEME_ID:bigint:Product theme|M_PRODUCT_COLLECTION_ID:bigint:Product collection|PRODUCTTYPE:char(1):ERP product type code|ISSTOCKED:char(1):Whether product is stocked|ISSOLD:char(1):Whether product can be sold|ISPURCHASED:char(1):Whether product can be purchased,M_PRODUCT_ID -> C_ORDERLINE (M_PRODUCT_ID)|M_PRODUCT_ID -> C_INVOICELINE (M_PRODUCT_ID)|M_PRODUCT_ID -> M_INOUTLINE (M_PRODUCT_ID)|M_PRODUCT_ID -> RV_STORAGE (M_PRODUCT_ID)|M_PRODUCT_ID -> M_PRODUCT_PO (M_PRODUCT_ID)|M_PRODUCT_ID -> V_PRODUCT_PRIMARY_SUPPLIER (M_PRODUCT_ID)|M_PRODUCT_CATEGORY_ID -> M_PRODUCT_CATEGORY (M_PRODUCT_CATEGORY_ID)|M_PRODUCT_TYPE_ID -> M_PRODUCT_TYPE (M_PRODUCT_TYPE_ID)|M_PRODUCT_THEME_ID -> M_PRODUCT_THEME (M_PRODUCT_THEME_ID)|M_PRODUCT_COLLECTION_ID -> M_PRODUCT_COLLECTION (M_PRODUCT_COLLECTION_ID),false,Use to translate product IDs into names categories type theme collection and supplier context. For type d'article join M_PRODUCT.M_PRODUCT_TYPE_ID to M_PRODUCT_TYPE.M_PRODUCT_TYPE_ID with cast if the imported runtime types differ. Do not join M_PRODUCT.M_PRODUCT_CATEGORY_ID to M_PRODUCT_TYPE.M_PRODUCT_TYPE_ID. For supplier CA join M_PRODUCT_ID to V_PRODUCT_PRIMARY_SUPPLIER. Current Docker PostgreSQL import covers the 2025-01-01 to 2026-07-01 export window: whole 2025 plus 2026 so far.
M_PRODUCT_CATEGORY,Inventory,Product category reference table used to group products into families for sales and stock analysis.,Referentiel des categories produits pour regrouper les articles en familles.,M_PRODUCT_CATEGORY_ID:bigint:Primary product category identifier|VALUE:varchar:Category code|NAME:varchar:Category name|DESCRIPTION:varchar:Category description|ISDEFAULT:char(1):Default category flag|PLANNEDMARGIN:numeric:Planned margin percentage,M_PRODUCT_CATEGORY_ID -> M_PRODUCT (M_PRODUCT_CATEGORY_ID)|M_PRODUCT_CATEGORY_ID -> RV_STORAGE (M_PRODUCT_CATEGORY_ID),false,Use for revenue by category top product families product mix and category-level stock questions.
C_DOCTYPE,Reference,Document type reference table describing sales orders customer invoices credit memos depots counters markets and document base types.,Referentiel des types documents vente factures avoirs depots comptoirs marches et types de base.,C_DOCTYPE_ID:bigint:Primary document type identifier|NAME:varchar:Document type business name|PRINTNAME:varchar:Printed document label|DESCRIPTION:varchar:Document type description|DOCBASETYPE:varchar:Compiere base document type code|ISSOTRX:char(1):Sales transaction flag|DOCSUBTYPESO:varchar:Sales order subtype when available,C_DOCTYPE_ID -> C_ORDER (C_DOCTYPE_ID)|C_DOCTYPE_ID -> C_ORDER (C_DOCTYPETARGET_ID)|C_DOCTYPE_ID -> C_INVOICE (C_DOCTYPE_ID)|C_DOCTYPE_ID -> M_INOUT (C_DOCTYPE_ID)|C_DOCTYPE_ID -> C_PAYMENT (C_DOCTYPE_ID),false,Use to explain document labels such as Facture client Avoir client Commande standard Vente Comptoir Marche and Depot.
C_TAX,Finance,Tax reference table for invoice and order line taxes including VAT names rates and exemption flags.,Referentiel des taxes des lignes commandes et factures avec TVA taux et exemptions.,C_TAX_ID:bigint:Primary tax identifier|NAME:varchar:Tax name such as TVA20 or Livre|DESCRIPTION:varchar:Tax description|RATE:numeric:Tax rate percentage|TAXINDICATOR:varchar:Tax indicator|ISTAXEXEMPT:char(1):Tax exempt flag|C_TAXCATEGORY_ID:bigint:Tax category,C_TAX_ID -> C_ORDERLINE (C_TAX_ID)|C_TAX_ID -> C_INVOICELINE (C_TAX_ID),false,Use for tax rate VAT exempt taxable sales and HT versus TTC context when line tax detail is needed.
AD_ORG,Reference,Organization reference table for the legal or operational entity owning the vente transactions.,Referentiel organisationnel de l'entite portant les transactions vente.,AD_ORG_ID:bigint:Primary organization identifier|VALUE:varchar:Organization code|NAME:varchar:Organization name|DESCRIPTION:varchar:Organization description|ISSUMMARY:char(1):Summary organization flag|ISACTIVE:char(1):Active flag,AD_ORG_ID -> C_ORDER (AD_ORG_ID)|AD_ORG_ID -> C_ORDERLINE (AD_ORG_ID)|AD_ORG_ID -> C_INVOICE (AD_ORG_ID)|AD_ORG_ID -> C_INVOICELINE (AD_ORG_ID)|AD_ORG_ID -> M_INOUT (AD_ORG_ID)|AD_ORG_ID -> M_INOUTLINE (AD_ORG_ID)|AD_ORG_ID -> RV_STORAGE (AD_ORG_ID),false,Current vente extraction has one organization Stock siege LPN context. Use only when user asks by organization or entity.
C_ALLOCATIONLINE,Finance,Payment allocation line linking customer invoices to payments with allocated amounts discounts write-offs and over-under amounts.,Lignes de lettrage reliant factures client et paiements avec montants affectes remises ecarts et trop peu percu.,C_ALLOCATIONLINE_ID:bigint:Primary allocation line identifier|C_ALLOCATIONHDR_ID:bigint:Parent allocation header|C_INVOICE_ID:bigint:Allocated invoice|C_PAYMENT_ID:bigint:Payment used for the allocation|C_BPARTNER_ID:bigint:Customer business partner|C_ORDER_ID:bigint:Related sales order|DATETRX:timestamp:Allocation transaction date|AMOUNT:numeric:Allocated amount|DISCOUNTAMT:numeric:Discount amount|WRITEOFFAMT:numeric:Write-off amount|OVERUNDERAMT:numeric:Over or under payment amount,C_ALLOCATIONHDR_ID -> C_ALLOCATIONHDR (C_ALLOCATIONHDR_ID)|C_INVOICE_ID -> C_INVOICE (C_INVOICE_ID)|C_PAYMENT_ID -> C_PAYMENT (C_PAYMENT_ID)|C_BPARTNER_ID -> C_BPARTNER (C_BPARTNER_ID)|C_ORDER_ID -> C_ORDER (C_ORDER_ID),false,Use this table for reliable invoice-payment joins. Do not join C_PAYMENT directly to C_INVOICE because C_PAYMENT.C_INVOICE_ID is empty in this extraction. Current Docker PostgreSQL import covers the 2025-01-01 to 2026-07-01 export window: whole 2025 plus 2026 so far.
C_ALLOCATIONHDR,Finance,Payment allocation header storing allocation document number dates accounting date status currency and posting state.,En-tete de lettrage paiement avec numero dates statut devise et etat de comptabilisation.,C_ALLOCATIONHDR_ID:bigint:Primary allocation header identifier|DOCUMENTNO:varchar:Allocation document number|DATETRX:timestamp:Allocation transaction date|DATEACCT:timestamp:Accounting date|C_CURRENCY_ID:bigint:Currency identifier|DOCSTATUS:char(2):Allocation document status|POSTED:char(1):Posting state|ISMANUAL:char(1):Manual allocation flag,C_ALLOCATIONHDR_ID -> C_ALLOCATIONLINE (C_ALLOCATIONHDR_ID)|AD_ORG_ID -> AD_ORG (AD_ORG_ID),false,Use for payment allocation dates statuses and accounting context after starting from C_ALLOCATIONLINE.
C_PAYMENT,Finance,Customer payment header storing payment numbers dates amounts receipt flag tender type bank account partner and payment status.,En-tete des paiements client avec numeros dates montants mode banque tiers et statut.,C_PAYMENT_ID:bigint:Primary payment identifier|DOCUMENTNO:varchar:Payment document number|DATETRX:timestamp:Payment date|ISRECEIPT:char(1):Y when payment is a customer receipt|C_DOCTYPE_ID:bigint:Payment document type|TRXTYPE:varchar:Transaction type|TENDERTYPE:varchar:Tender or payment method|C_BANKACCOUNT_ID:bigint:Bank account|C_BPARTNER_ID:bigint:Customer business partner|PAYAMT:numeric:Payment amount|DISCOUNTAMT:numeric:Discount amount|WRITEOFFAMT:numeric:Write-off amount|DOCSTATUS:char(2):Payment document status,C_PAYMENT_ID -> C_ALLOCATIONLINE (C_PAYMENT_ID)|C_BPARTNER_ID -> C_BPARTNER (C_BPARTNER_ID)|C_DOCTYPE_ID -> C_DOCTYPE (C_DOCTYPE_ID),false,Use with C_ALLOCATIONLINE to answer paid invoices collections payment methods and cash receipt questions. C_INVOICE_ID is empty in C_PAYMENT in this database. Current Docker PostgreSQL import covers the 2025-01-01 to 2026-07-01 export window: whole 2025 plus 2026 so far.
M_INOUT,Sales,Shipment and delivery header for vente orders storing shipment numbers movement dates statuses partners warehouses and related orders.,En-tete des expeditions et livraisons vente avec numeros dates statuts clients entrepots et commandes liees.,M_INOUT_ID:bigint:Primary shipment or delivery identifier|DOCUMENTNO:varchar:Shipment or delivery document number|ISSOTRX:char(1):Y for sales shipment|DOCSTATUS:char(2):Shipment document status|C_DOCTYPE_ID:bigint:Shipment document type|C_ORDER_ID:bigint:Related sales order|DATEORDERED:timestamp:Original order date|MOVEMENTDATE:timestamp:Shipment movement date|DATEACCT:timestamp:Accounting date|C_BPARTNER_ID:bigint:Customer business partner|M_WAREHOUSE_ID:bigint:Warehouse used for shipment,M_INOUT_ID -> M_INOUTLINE (M_INOUT_ID)|C_ORDER_ID -> C_ORDER (C_ORDER_ID)|C_BPARTNER_ID -> C_BPARTNER (C_BPARTNER_ID)|M_WAREHOUSE_ID -> M_WAREHOUSE (M_WAREHOUSE_ID)|C_DOCTYPE_ID -> C_DOCTYPE (C_DOCTYPE_ID)|AD_ORG_ID -> AD_ORG (AD_ORG_ID),false,Use for delivery counts shipment dates delivered orders and logistics status. Join to M_INOUTLINE for delivered products and quantities. Current Docker PostgreSQL import covers the 2025-01-01 to 2026-07-01 export window: whole 2025 plus 2026 so far.
M_INOUTLINE,Sales,Shipment and delivery line detail for vente storing delivered products order-line links locators movement quantities and availability flags.,Lignes des expeditions et livraisons vente avec produits liens commande emplacements quantites livrees et disponibilite.,M_INOUTLINE_ID:bigint:Primary shipment line identifier|M_INOUT_ID:bigint:Parent shipment header|LINE:bigint:Shipment line sequence|C_ORDERLINE_ID:bigint:Related sales order line|M_LOCATOR_ID:bigint:Stock locator|M_PRODUCT_ID:bigint:Delivered product|C_UOM_ID:bigint:Unit of measure|MOVEMENTQTY:numeric:Delivered movement quantity|QTYENTERED:numeric:Entered quantity|QTYONHAND:numeric:Stock on hand snapshot on line|QTYRESERVED:numeric:Reserved quantity snapshot on line|DISPONIBILITE:text:Availability indicator from source export,M_INOUT_ID -> M_INOUT (M_INOUT_ID)|C_ORDERLINE_ID -> C_ORDERLINE (C_ORDERLINE_ID)|M_PRODUCT_ID -> M_PRODUCT (M_PRODUCT_ID)|M_LOCATOR_ID -> M_LOCATOR (M_LOCATOR_ID),false,Use for delivered quantity by product delivered versus ordered analysis delivery detail and availability signals from shipment lines. Current Docker PostgreSQL import covers the 2025-01-01 to 2026-07-01 export window: whole 2025 plus 2026 so far.
M_WAREHOUSE,Inventory,Warehouse reference table describing stock warehouses used by vente orders shipments and storage availability.,Referentiel des entrepots utilises par les commandes livraisons et stocks vente.,M_WAREHOUSE_ID:bigint:Primary warehouse identifier|VALUE:varchar:Warehouse code|NAME:varchar:Warehouse name|DESCRIPTION:varchar:Warehouse description|C_LOCATION_ID:bigint:Warehouse location|SEPARATOR:varchar:Locator separator,M_WAREHOUSE_ID -> C_ORDER (M_WAREHOUSE_ID)|M_WAREHOUSE_ID -> M_INOUT (M_WAREHOUSE_ID)|M_WAREHOUSE_ID -> M_LOCATOR (M_WAREHOUSE_ID)|M_WAREHOUSE_ID -> RV_STORAGE (M_WAREHOUSE_ID),false,Current vente extraction mainly uses Stock siege LPN. Use for warehouse labels and stock location context.
M_LOCATOR,Inventory,Stock locator reference table identifying the exact warehouse locator or storage bin used by shipment lines and stock rows.,Referentiel des emplacements stock dans l'entrepot utilises par livraisons et stock.,M_LOCATOR_ID:bigint:Primary stock locator identifier|VALUE:varchar:Locator name or code|M_WAREHOUSE_ID:bigint:Parent warehouse|PRIORITYNO:bigint:Locator priority|ISDEFAULT:char(1):Default locator flag|X:varchar:Locator X coordinate|Y:varchar:Locator Y coordinate|Z:varchar:Locator Z coordinate,M_LOCATOR_ID -> M_INOUTLINE (M_LOCATOR_ID)|M_LOCATOR_ID -> RV_STORAGE (M_LOCATOR_ID)|M_WAREHOUSE_ID -> M_WAREHOUSE (M_WAREHOUSE_ID),false,Use only when questions need exact stock location. Current vente extraction has one main locator Entrepot.
RV_STORAGE,Inventory,Stock availability view for vente products with product labels warehouse locator on-hand reserved available and ordered quantities.,Vue de disponibilite stock des produits vente avec libelles produit entrepot emplacement stock reserve disponible et commande.,M_PRODUCT_ID:bigint:Product identifier|VALUE:varchar:Product code|NAME:varchar:Product name|M_PRODUCT_CATEGORY_ID:bigint:Product category|M_LOCATOR_ID:bigint:Stock locator|M_WAREHOUSE_ID:bigint:Warehouse|QTYONHAND:numeric:Quantity physically on hand|QTYRESERVED:numeric:Reserved quantity|QTYAVAILABLE:numeric:Available quantity after reservations|QTYORDERED:numeric:Quantity on purchase or replenishment order|DATELASTINVENTORY:timestamp:Last inventory date|M_ATTRIBUTESETINSTANCE_ID:bigint:Attribute set instance,M_PRODUCT_ID -> M_PRODUCT (M_PRODUCT_ID)|M_PRODUCT_CATEGORY_ID -> M_PRODUCT_CATEGORY (M_PRODUCT_CATEGORY_ID)|M_LOCATOR_ID -> M_LOCATOR (M_LOCATOR_ID)|M_WAREHOUSE_ID -> M_WAREHOUSE (M_WAREHOUSE_ID)|AD_ORG_ID -> AD_ORG (AD_ORG_ID),false,Use for stock availability rupture risk on-hand reserved available and ordered stock questions for products present in the vente extraction.
AD_USER,Reference,ERP user reference used in the vente scope to resolve sales representative identifiers into commercial names and contact metadata.,Referentiel utilisateurs ERP utilise pour relier les identifiants commerciaux aux noms des commerciaux.,AD_USER_ID:bigint:Primary user identifier used as SALESREP_ID in sales tables|NAME:varchar:User or commercial display name|DESCRIPTION:varchar:Optional user description|ISACTIVE:char(1):Whether the user is active|C_BPARTNER_ID:bigint:Related business partner when available|EMAIL:varchar:User email address|CREATED:timestamp:Creation timestamp|UPDATED:timestamp:Last update timestamp,AD_USER_ID -> C_ORDER (SALESREP_ID)|AD_USER_ID -> C_INVOICE (SALESREP_ID)|AD_USER_ID -> V_SALESREP_USER (SALESREP_ID)|C_BPARTNER_ID -> C_BPARTNER (C_BPARTNER_ID),false,Use when the user asks by commercial sales representative vendeur or sales rep. Prefer V_SALESREP_USER for simpler SQL labels.
C_BPARTNER_VENDOR,Reference,Supplier business partner extract containing vendor names codes flags purchasing terms and partner attributes for supplier analytics.,Referentiel fournisseurs extrait depuis les tiers avec noms codes indicateurs et conditions achat.,C_BPARTNER_ID:bigint:Primary supplier business partner identifier|VALUE:varchar:Supplier code|NAME:varchar:Supplier display name|NAME2:varchar:Additional supplier name|ISVENDOR:char(1):Whether partner is a supplier|ISCUSTOMER:char(1):Whether partner is also a customer|C_BP_GROUP_ID:bigint:Supplier group identifier|PAYMENTRULEPO:varchar:Purchase payment rule|PO_PRICELIST_ID:bigint:Purchase price list|PO_PAYMENTTERM_ID:bigint:Purchase payment term|SALESREP_ID:bigint:Responsible user when present,C_BPARTNER_ID -> M_PRODUCT_PO (C_BPARTNER_ID)|C_BPARTNER_ID -> V_PRODUCT_PRIMARY_SUPPLIER (SUPPLIER_ID)|C_BP_GROUP_ID -> C_BP_GROUP (C_BP_GROUP_ID),false,Use this supplier-specific partner table when answering fournisseur vendor editeur/distributeur style supplier questions. Do not use for client rankings unless the user asks for suppliers.
M_PRODUCT_PO,Inventory,Product purchasing and vendor bridge table linking products to suppliers with current vendor flag purchase prices vendor product numbers and availability attributes.,Table pont produit fournisseur avec fournisseur courant prix achat references fournisseur et informations disponibilite.,M_PRODUCT_ID:bigint:Product identifier|C_BPARTNER_ID:bigint:Supplier business partner identifier|ISCURRENTVENDOR:char(1):Current or primary supplier flag|ISACTIVE:char(1):Active vendor product relation|PRICEPO:numeric:Purchase price|PRICELASTPO:numeric:Last purchase order price|PRICELASTINV:numeric:Last invoice price|VENDORPRODUCTNO:varchar:Supplier product reference|VENDORCATEGORY:varchar:Supplier category|DELIVERYTIME_PROMISED:bigint:Promised delivery time,M_PRODUCT_ID -> M_PRODUCT (M_PRODUCT_ID)|C_BPARTNER_ID -> C_BPARTNER_VENDOR (C_BPARTNER_ID)|M_PRODUCT_ID -> V_PRODUCT_PRIMARY_SUPPLIER (M_PRODUCT_ID),false,Use for fournisseur analytics. To avoid duplicate CA use V_PRODUCT_PRIMARY_SUPPLIER or filter to one ranked supplier per product rather than joining every supplier row.
M_PRODUCT_TYPE,Inventory,Product type reference table used to classify articles beyond category for article-type analysis.,Referentiel type produit permettant de classer les articles au-dela de la categorie.,M_PRODUCT_TYPE_ID:text:Primary product type identifier imported as text in PostgreSQL|VALUE:varchar:Type code|NAME:varchar:Type label|DESCRIPTION:varchar:Type description|ISACTIVE:char(1):Active flag,M_PRODUCT_TYPE_ID -> M_PRODUCT (M_PRODUCT_TYPE_ID),false,Use for type d'article product type article type and product classification questions. Runtime import has M_PRODUCT_TYPE.M_PRODUCT_TYPE_ID as text while M_PRODUCT.M_PRODUCT_TYPE_ID is bigint; join with M_PRODUCT.M_PRODUCT_TYPE_ID::text = M_PRODUCT_TYPE.M_PRODUCT_TYPE_ID. If this join is not possible use product category as fallback only with explanation.
M_PRODUCT_THEME,Inventory,Product theme reference table for book/article thematic grouping used in product enrichment and BI slicing.,Referentiel theme article pour regrouper les livres et articles par theme.,M_PRODUCT_THEME_ID:bigint:Primary product theme identifier|VALUE:varchar:Theme code|NAME:varchar:Theme label|DESCRIPTION:varchar:Theme description|M_PRODUCT_FOND_ID:bigint:Parent product fond identifier,M_PRODUCT_THEME_ID -> M_PRODUCT (M_PRODUCT_THEME_ID),false,Use for thematic product analysis such as ventes par theme or articles par theme.
M_PRODUCT_COLLECTION,Inventory,Product collection reference table for book/article collection grouping and publisher collection analysis.,Referentiel collection article pour analyser les ventes par collection produit.,M_PRODUCT_COLLECTION_ID:bigint:Primary product collection identifier|VALUE:varchar:Collection code|NAME:varchar:Collection label|DESCRIPTION:varchar:Collection description|M_GRCOLL_ID:bigint:Parent collection group|DATE_CREATION:timestamp:Collection creation date,M_PRODUCT_COLLECTION_ID -> M_PRODUCT (M_PRODUCT_COLLECTION_ID),false,Use for collection produit collection article and publisher collection questions.
PRODUCTS_WITHOUT_SUPPLIER,DataQuality,Audit table listing products from the vente extract that have no supplier relationship in M_PRODUCT_PO.,Table de controle listant les produits de vente sans relation fournisseur dans M_PRODUCT_PO.,M_PRODUCT_ID:bigint:Product identifier without supplier|VALUE:varchar:Product code|NAME:varchar:Product display name|M_PRODUCT_CATEGORY_ID:bigint:Product category identifier,M_PRODUCT_ID -> M_PRODUCT (M_PRODUCT_ID)|M_PRODUCT_CATEGORY_ID -> M_PRODUCT_CATEGORY (M_PRODUCT_CATEGORY_ID),false,Use only for data quality questions about missing suppliers or products without fournisseur. Do not use as the main product table.
V_SALESREP_USER,Reference,Simplified sales representative view exposing SALESREP_ID commercial name email description and active flag from AD_USER.,Vue simplifiee des commerciaux exposant identifiant nom email description et statut actif depuis AD_USER.,SALESREP_ID:bigint:Sales representative identifier matching C_ORDER.SALESREP_ID and C_INVOICE.SALESREP_ID|SALESREP_NAME:varchar:Commercial display name|SALESREP_EMAIL:varchar:Commercial email|SALESREP_DESCRIPTION:varchar:Optional commercial description|ISACTIVE:char(1):Active flag,SALESREP_ID -> AD_USER (AD_USER_ID)|SALESREP_ID -> C_ORDER (SALESREP_ID)|SALESREP_ID -> C_INVOICE (SALESREP_ID),false,Preferred object for commercial salesrep vendeur questions because it avoids exposing raw AD_USER details and gives clear French business labels.
V_PRODUCT_PRIMARY_SUPPLIER,Reference,Simplified product supplier view selecting one primary supplier per product from M_PRODUCT_PO and supplier partner names.,Vue simplifiee produit fournisseur choisissant un fournisseur primaire par produit depuis M_PRODUCT_PO.,M_PRODUCT_ID:bigint:Product identifier|SUPPLIER_ID:bigint:Primary supplier business partner identifier|SUPPLIER_NAME:varchar:Supplier display name|ISCURRENTVENDOR:char(1):Whether selected supplier is marked current vendor|ISACTIVE:char(1):Active supplier relation flag|PRICEPO:numeric:Purchase price|PRICELASTPO:numeric:Last purchase order price|VENDORPRODUCTNO:varchar:Supplier product reference,M_PRODUCT_ID -> M_PRODUCT (M_PRODUCT_ID)|SUPPLIER_ID -> C_BPARTNER_VENDOR (C_BPARTNER_ID)|M_PRODUCT_ID -> M_PRODUCT_PO (M_PRODUCT_ID),false,Preferred object for fournisseur analytics because it prevents duplicate CA when a product has multiple supplier rows. For CA facture par fournisseur join C_INVOICELINE.M_PRODUCT_ID directly to V_PRODUCT_PRIMARY_SUPPLIER.M_PRODUCT_ID and join C_INVOICELINE.C_INVOICE_ID to C_INVOICE.C_INVOICE_ID for invoice filters. Do not route supplier revenue through M_INOUTLINE unless delivery context is requested.
FACT_SALES_MONTHLY,Forecasting,Monthly sales forecasting fact table with invoiced CA ordered CA invoice counts order counts paid and unpaid invoice amounts and partial-month flag.,Table de faits mensuelle pour prevision des ventes avec CA facture CA commande nombres de factures commandes montants payes impayes et indicateur mois partiel.,MONTH:date:First day of month primary key|CA_FACTURE:numeric:Invoiced sales CA from invoice GRANDTOTAL TTC|N_FACTURES:int:Number of invoices|CA_COMMANDE:numeric:Ordered sales CA from order GRANDTOTAL TTC|N_COMMANDES:int:Number of orders|CA_FACTURE_PAYE:numeric:Paid invoiced CA|CA_FACTURE_IMPAYE:numeric:Unpaid invoiced CA|IS_PARTIAL:boolean:True for current incomplete month,MONTH -> FACT_SALES_MONTHLY_BY_COMMERCIAL (MONTH)|MONTH -> FACT_SALES_MONTHLY_BY_CATEGORY (MONTH)|MONTH -> FACT_SALES_MONTHLY_BY_THEME (MONTH),false,Use for trend forecasting ML Prophet training seasonal sales monthly CA and 24-month history questions. Exclude IS_PARTIAL true rows from model training.
FACT_SALES_MONTHLY_BY_COMMERCIAL,Forecasting,Monthly invoiced CA by commercial or sales representative for forecasting and commercial trend drill-down.,CA facture mensuel par commercial pour prevision et analyse des tendances commerciales.,MONTH:date:First day of month|SALESREP_ID:bigint:Sales representative identifier|COMMERCIAL_NAME:text:Commercial display name|CA_FACTURE:numeric:Invoiced CA GRANDTOTAL TTC|N_FACTURES:int:Number of invoices|IS_PARTIAL:boolean:Current incomplete month flag,SALESREP_ID -> AD_USER (AD_USER_ID)|SALESREP_ID -> V_SALESREP_USER (SALESREP_ID)|MONTH -> FACT_SALES_MONTHLY (MONTH),false,Use for monthly commercial performance and forecast drill-down by salesrep. Exclude IS_PARTIAL true rows from ML training.
FACT_SALES_MONTHLY_BY_CATEGORY,Forecasting,Monthly invoiced line CA by product category for category-level seasonality and forecasting analysis.,CA facture mensuel HT par categorie produit pour saisonnalite et prevision par categorie.,MONTH:date:First day of month|CATEGORY_ID:bigint:Product category identifier|CATEGORY_NAME:text:Product category label|CA_FACTURE:numeric:Invoice line net amount HT|IS_PARTIAL:boolean:Current incomplete month flag,CATEGORY_ID -> M_PRODUCT_CATEGORY (M_PRODUCT_CATEGORY_ID)|MONTH -> FACT_SALES_MONTHLY (MONTH),false,"Use for monthly category trends and seasonality. CA here is invoice-line LINENETAMT HT, not header GRANDTOTAL TTC."
FACT_SALES_MONTHLY_BY_THEME,Forecasting,Monthly invoiced line CA by product theme for theme-level seasonality and forecasting analysis.,CA facture mensuel HT par thematique produit pour saisonnalite et prevision par theme.,MONTH:date:First day of month|THEME_ID:bigint:Product theme identifier|THEME_NAME:text:Product theme label|CA_FACTURE:numeric:Invoice line net amount HT|IS_PARTIAL:boolean:Current incomplete month flag,THEME_ID -> M_PRODUCT_THEME (M_PRODUCT_THEME_ID)|MONTH -> FACT_SALES_MONTHLY (MONTH),false,Use for monthly thematique trends and seasonality. CA here is invoice-line LINENETAMT HT and rows without theme are excluded.
LPN_CUSTOMER_PORTFOLIO_2025_2026,Sales,Corrected customer portfolio for the 2025+2026 export with customer attributes order counts invoice counts ordered CA invoiced CA paid CA and unpaid CA.,Portefeuille client corrige pour export 2025+2026 avec attributs client nombres commandes factures CA commande CA facture CA paye et impaye.,C_BPARTNER_ID:bigint:Customer identifier|CUSTOMER_CODE:text:Customer code|CUSTOMER_NAME:text:Customer name|ORDER_COUNT:int:Number of orders|ORDERED_CA_TTC:numeric:Ordered CA TTC aggregated separately|INVOICE_COUNT:int:Number of invoices|INVOICED_CA_TTC:numeric:Invoiced CA TTC aggregated separately|PAID_CA_TTC:numeric:Paid invoiced CA|UNPAID_CA_TTC:numeric:Unpaid invoiced CA,C_BPARTNER_ID -> C_BPARTNER (C_BPARTNER_ID)|SALESREP_ID -> AD_USER (AD_USER_ID)|C_PAYMENTTERM_ID -> C_PAYMENTTERM (C_PAYMENTTERM_ID)|M_PRICELIST_ID -> M_PRICELIST (M_PRICELIST_ID),false,Use for customer portfolio ranking and credit/open-balance context. This corrected table avoids the many-to-many CA inflation issue in the older file 57.
C_BPARTNER_LOCATION,Reference,Business partner location bridge connecting customers or partners to physical location records.,Table de liaison entre tiers clients partenaires et adresses physiques.,C_BPARTNER_LOCATION_ID:bigint:Partner location identifier|C_BPARTNER_ID:bigint:Business partner|C_LOCATION_ID:bigint:Physical location|NAME:text:Location name|ISACTIVE:char(1):Active flag,C_BPARTNER_ID -> C_BPARTNER (C_BPARTNER_ID)|C_LOCATION_ID -> C_LOCATION (C_LOCATION_ID),false,"Use only for customer address city or region analysis, normally together with C_LOCATION C_CITY and C_REGION."
C_LOCATION,Reference,Physical address/location table with city region country and address fields for customer geography analysis.,Table des adresses physiques avec ville region pays et champs adresse pour analyse geographique client.,C_LOCATION_ID:bigint:Physical location identifier|ADDRESS1:text:Address line|CITY:text:City text|C_CITY_ID:bigint:City identifier|C_REGION_ID:bigint:Region identifier|C_COUNTRY_ID:bigint:Country identifier,C_LOCATION_ID -> C_BPARTNER_LOCATION (C_LOCATION_ID)|C_CITY_ID -> C_CITY (C_CITY_ID)|C_REGION_ID -> C_REGION (C_REGION_ID),false,"Use for customer geography, city and region questions. Be careful with address fields because they may contain customer-specific locations."
C_PAYMENTTERM,Reference,Payment term reference table used to label customer and invoice payment conditions.,Referentiel des conditions de paiement utilise pour libeller les modalites client et facture.,C_PAYMENTTERM_ID:bigint:Payment term identifier|NAME:text:Payment term label|NETDAYS:bigint:Net payment days|ISDUEFIXED:char(1):Fixed due date flag,C_PAYMENTTERM_ID -> C_BPARTNER (C_PAYMENTTERM_ID)|C_PAYMENTTERM_ID -> C_ORDER (C_PAYMENTTERM_ID)|C_PAYMENTTERM_ID -> C_INVOICE (C_PAYMENTTERM_ID),false,Use for questions about payment terms such as 120 J and customer payment conditions.
M_PRICELIST,Reference,Price list reference table used to label customer and order pricing lists.,Referentiel des listes de prix utilise pour libeller les tarifs client et commande.,M_PRICELIST_ID:bigint:Price list identifier|NAME:text:Price list label|DESCRIPTION:text:Description|C_CURRENCY_ID:bigint:Currency,M_PRICELIST_ID -> C_BPARTNER (M_PRICELIST_ID)|M_PRICELIST_ID -> C_ORDER (M_PRICELIST_ID),false,Use for customer pricing list segmentation and portfolio context.
C_REGION,Reference,Region reference table for geographic grouping of customer locations.,Referentiel des regions pour regroupement geographique des adresses client.,C_REGION_ID:bigint:Region identifier|NAME:text:Region name|C_COUNTRY_ID:bigint:Country identifier,C_REGION_ID -> C_LOCATION (C_REGION_ID)|C_REGION_ID -> C_CITY (C_REGION_ID),false,Use with C_LOCATION and C_BPARTNER_LOCATION for regional customer and CA analysis.
C_CITY,Reference,City reference table for geographic grouping of customer locations.,Referentiel des villes pour regroupement geographique des adresses client.,C_CITY_ID:bigint:City identifier|NAME:text:City name|C_REGION_ID:bigint:Region identifier|C_COUNTRY_ID:bigint:Country identifier,C_CITY_ID -> C_LOCATION (C_CITY_ID)|C_REGION_ID -> C_REGION (C_REGION_ID),false,Use with C_LOCATION and C_BPARTNER_LOCATION for city-level customer and CA analysis.
